exploitsNOUNégauxADJ_count,exploitsNOUNlégauxADJ_count
0.0,0
0.0,0
0.0,0
0.0,0
3.000000001063707,0
0.0,0
0.0,0
0.0,0
0.0,0
0.0,0
0.0,0
0.0,0
0.0,0
0.0,0
0.0,0
0.0,0
0.0,0
0.0,0
0.0,0
0.0,0
0.0,0
0.0,0
0.0,0
0.0,0
0.0,0
0.0,0
0.0,0
8.000000157533016,0
0.9999999709845574,0
3.0000000909440674,0
0.0,0
0.0,0
0.0,0
4.00000004561961,0
2.00000007968517,0
0.9999999640596187,0
0.9999999888370337,0
7.999999887550096,0
5.00000009637015,0
3.0000001487870547,0
0.0,0
0.0,0
4.999999985092853,0
3.999999892328597,0
0.0,0
3.9999999389360927,0
0.0,0
0.0,0
0.0,0
0.0,0
0.0,0
0.0,0
0.0,0
3.000000094946016,0
1.9999999549650487,0
0.0,0
0.0,0
0.0,0
0.0,0
0.0,0
0.0,0
0.0,0
0.0,0
0.0,0
0.0,0
9.000000072463422,0
0.0,0
0.0,0
0.0,0
0.0,0
2.000000031984042,0
0.0,0
0.0,0
0.0,0
0.0,0
0.0,0
0.0,0
2.999999901099178,0
0.0,0
0.0,0
0.9999999602816118,0
0.0,0
0.0,0
0.0,0
0.0,0
0.0,0
0.0,0
0.0,0
0.999999956948566,0
0.0,0
0.0,0
0.0,0
0.0,0
0.0,0
0.0,0
0.0,0
0.0,0
0.0,0
0.0,0
0.0,0
0.0,0
0.0,0
0.0,0
0.0,0
0.0,0
0.0,0
0.0,0
0.0,0
0.0,0
0.0,0
0.0,0
1.0000000408397083,0
4.9999999727769655,0
0.9999999650287585,0
0.0,0
0.0,0
9.000000118168815,0
0.0,0
3.00000004106242,0
0.0,0
0.0,0
0.0,0
0.0,0
0.0,0
0.0,0
0.0,0
0.0,0
0.0,0
0.0,0
2.999999968156876,0
0.0,0
0.0,0
0.0,0
0.9999999707713982,0
0.0,0
0.0,0
0.0,0
0.0,0
0.0,0
0.0,0
0.0,0
0.0,0
0.0,0
0.0,0
0.0,0
0.0,0
0.0,0
0.9999999722603048,0
0.0,0
0.0,0
0.0,0
0.0,0
0.0,0
0.0,0
0.0,0
0.0,0
0.0,0
0.0,0
0.0,0
0.0,0
0.0,0
0.0,0
0.9999999756852518,0
0.0,0
0.0,0
0.0,0
1.000000049635223,0
0.0,0
0.0,0
0.0,0
0.0,0
0.0,0
0.0,0
0.0,0
0.0,0
0.0,0
0.0,0
0.0,0
0.0,0
2.0000000571408227,0
0.0,0
0.0,0
0.0,0
0.0,0
0.0,0
0.0,0
0.0,0
0.0,0
0.0,0
0.0,0
0.0,0
0.0,0
0.0,0
0.0,0
0.0,0
0.0,0
0.0,0
0.0,0
0.0,0
0.0,0
1.0000000198261714,0
0.0,0
0.0,0
0.9999999785780576,0
0.0,0
0.0,0
0.0,0
0.0,0
0.0,0
0.0,0
0.0,0
0.0,0
2.000000047813591,0
0.0,0
0.0,0
0.9999999895946298,0
0.0,0
0.9999999571843041,0
1.0000000430417737,0
1.0000000418949462,0
